"K","Group","RAD-seq sample ID","Tentative Accession name","K1","K2"
2,"frutescens","CapRAD4_g315","No.158-[Vietnam]-(C._frutescens)",1e-05,0.99999
2,"frutescens","CapRAD5_g230","TABASCO-[USA]-(C._frutescens)",1e-05,0.99999
2,"frutescens","CapRAD6_g253","SU-16-091-[Nepal]-(C._frutescens)",1e-05,0.99999
2,"frutescens","CapRAD6_g261","JP268534-[Cambodia]-(C._frutescens)",1e-05,0.99999
2,"frutescens","CapRAD6_g267","Willd_Lombok-[Guatemala]-(C._frutescens)",1e-05,0.99999
2,"annuum","CapRAD6_g330","SU-16-058-[Nepal]-(C._annuum)",0.99999,1e-05
2,"annuum","CapRAD6_g331","Shishito-[Japan]-(C._annuum)",0.99999,1e-05
2,"frutescens","CapRAD6_g358","Okinawa_shimatougarashi-[Japan]-(C._frutescens)",1e-05,0.99999
2,"annuum","CapRAD6_g359","Carifornia_wonder-[USA]-(C._annuum)",0.874849,0.125151
2,"annuum","CapRAD6_g366","GIM_JANG_GOCHU_(JP:_71128)-[Korea]-(C._annuum)",0.99999,1e-05
2,"annuum","CapRAD6_g369","ZHAO_TIAN_JIAO_(JP:_82499)-[China]-(C._annuum)",0.99999,1e-05
2,"annuum","CapRAD6_g371","SERRANO_TYPE_(JP:_32572)-[Mexico]-(C._annuum)",0.99999,1e-05
2,"annuum_test","CapRAD4_g071","SU-16-064-2-[Nepal]-(C._annuum)",0.99999,1e-05
2,"annuum_test","CapRAD6_g324","Takanotsume-[Japan]-(C._annuum)",0.913093,0.086907
2,"annuum_test","CapRAD6_g334","No.3411-[Guatemala]-(C._annuum)",0.99999,1e-05
2,"annuum_test","CapRAD6_g340","BotanKosho-[Japan]-(C._annuum)",0.99999,1e-05
2,"annuum_test","CapRAD6_g361","CATARINA_TYPE_(JP:_32573)-[Mexico]-(C._annuum)",0.99999,1e-05
2,"annuum_test","CapRAD6_g372","PASILLA_(JP:_37310)-[Mexico]-(C._annuum)",0.99999,1e-05
