"K","Group","RAD-seq sample ID","Tentative Accession name","K1","K2","K3"
3,"chinense","CapRAD4_g009","Seven_Pod-[Trinidad_and_Tobago]-(C._chinense)-Rough",0.99998,1e-05,1e-05
3,"chinense","CapRAD4_g078","Habanero_Caribbean_Red_Hot_-[Mexico]-(C._chinense)",0.99998,1e-05,1e-05
3,"chinense","CapRAD4_g083","No.3338-[Bolivia]-(C._chinense)",0.99998,1e-05,1e-05
3,"chinense","CapRAD4_g164","No.3686-[Colombia]-(C._chinense)",0.99998,1e-05,1e-05
3,"chinense","CapRAD4_g288","Bhut_Jolokia_red-[Unknown]-(C._chinense)-Rough",0.99998,1e-05,1e-05
3,"frutescens","CapRAD4_g315","No.158-[Vietnam]-(C._frutescens)",1e-05,1e-05,0.99998
3,"frutescens","CapRAD5_g230","TABASCO-[USA]-(C._frutescens)",1e-05,1e-05,0.99998
3,"frutescens","CapRAD6_g253","SU-16-091-[Nepal]-(C._frutescens)",1e-05,1e-05,0.99998
3,"frutescens","CapRAD6_g261","JP268534-[Cambodia]-(C._frutescens)",1e-05,1e-05,0.99998
3,"frutescens","CapRAD6_g267","Willd_Lombok-[Guatemala]-(C._frutescens)",1e-05,1e-05,0.99998
3,"annuum","CapRAD6_g330","SU-16-058-[Nepal]-(C._annuum)",1e-05,0.99998,1e-05
3,"annuum","CapRAD6_g331","Shishito-[Japan]-(C._annuum)",1e-05,0.99998,1e-05
3,"chinense","CapRAD6_g346","Shwe_Lan_Bo_(JP:270754)-[Myanmar]-(C._chinense)",0.99998,1e-05,1e-05
3,"frutescens","CapRAD6_g358","Okinawa_shimatougarashi-[Japan]-(C._frutescens)",1e-05,1e-05,0.99998
3,"annuum","CapRAD6_g359","Carifornia_wonder-[USA]-(C._annuum)",1e-05,0.99998,1e-05
3,"annuum","CapRAD6_g366","GIM_JANG_GOCHU_(JP:_71128)-[Korea]-(C._annuum)",1e-05,0.99998,1e-05
3,"annuum","CapRAD6_g369","ZHAO_TIAN_JIAO_(JP:_82499)-[China]-(C._annuum)",1e-05,0.99998,1e-05
3,"annuum","CapRAD6_g371","SERRANO_TYPE_(JP:_32572)-[Mexico]-(C._annuum)",1e-05,0.99998,1e-05
3,"chinense_test","CapRAD4_g028","Moruga_red-[Trinidad_and_Tobago]-(C._chinense)",0.99998,1e-05,1e-05
3,"chinense_test","CapRAD4_g036","No.200-[Gahna]-(C._chinense)",0.904429,1e-05,0.095561
3,"chinense_test","CapRAD4_g048","PANCA_TYPE-[Peru]-(C._chinense)",0.99998,1e-05,1e-05
3,"chinense_test","CapRAD4_g390","Scotch_bonnet-[Jamaica]-(C._chinense)",0.99998,1e-05,1e-05
3,"chinense_test","CapRAD4_g058","COL/MYANMAR/2005/MS/129-[Myanmar]-(C._chinense)",0.99998,1e-05,1e-05
3,"chinense_test","CapRAD4_g279","No.4045-[Brasil]-(C._chinense)",0.99998,1e-05,1e-05
