"K","Group","RAD-seq sample ID","Tentative Accession name","K1","K2"
2,"chinense","CapRAD4_g009","Seven_Pod-[Trinidad_and_Tobago]-(C._chinense)-Rough",0.99999,1e-05
2,"chinense","CapRAD4_g078","Habanero_Caribbean_Red_Hot_-[Mexico]-(C._chinense)",0.99999,1e-05
2,"chinense","CapRAD4_g083","No.3338-[Bolivia]-(C._chinense)",0.99999,1e-05
2,"chinense","CapRAD4_g164","No.3686-[Colombia]-(C._chinense)",0.99999,1e-05
2,"chinense","CapRAD4_g288","Bhut_Jolokia_red-[Unknown]-(C._chinense)-Rough",0.99999,1e-05
2,"annuum","CapRAD6_g330","SU-16-058-[Nepal]-(C._annuum)",1e-05,0.99999
2,"annuum","CapRAD6_g331","Shishito-[Japan]-(C._annuum)",1e-05,0.99999
2,"chinense","CapRAD6_g346","Shwe_Lan_Bo_(JP:270754)-[Myanmar]-(C._chinense)",0.99999,1e-05
2,"annuum","CapRAD6_g359","Carifornia_wonder-[USA]-(C._annuum)",1e-05,0.99999
2,"annuum","CapRAD6_g366","GIM_JANG_GOCHU_(JP:_71128)-[Korea]-(C._annuum)",1e-05,0.99999
2,"annuum","CapRAD6_g369","ZHAO_TIAN_JIAO_(JP:_82499)-[China]-(C._annuum)",1e-05,0.99999
2,"annuum","CapRAD6_g371","SERRANO_TYPE_(JP:_32572)-[Mexico]-(C._annuum)",1e-05,0.99999
2,"annuum_test","CapRAD4_g071","SU-16-064-2-[Nepal]-(C._annuum)",1e-05,0.99999
2,"annuum_test","CapRAD6_g324","Takanotsume-[Japan]-(C._annuum)",1e-05,0.99999
2,"annuum_test","CapRAD6_g334","No.3411-[Guatemala]-(C._annuum)",1e-05,0.99999
2,"annuum_test","CapRAD6_g340","BotanKosho-[Japan]-(C._annuum)",1e-05,0.99999
2,"annuum_test","CapRAD6_g361","CATARINA_TYPE_(JP:_32573)-[Mexico]-(C._annuum)",1e-05,0.99999
2,"annuum_test","CapRAD6_g372","PASILLA_(JP:_37310)-[Mexico]-(C._annuum)",1e-05,0.99999
