"K","Group","RAD-seq sample ID","Tentative Accession name","K1","K2"
2,"dalle","CapRAD4_g068","SU-16-052-[Nepal]-(C._chinense)",1e-05,0.99999
2,"dalle","CapRAD4_g069","SU-16-055-[Nepal]-(C._chinense)",1e-05,0.99999
2,"dalle","CapRAD4_g070","SU-16-064-1-[Nepal]-(C._chinense)",1e-05,0.99999
2,"dalle","CapRAD4_g072","SU-16-079-[Nepal]-(C._chinense)",1e-05,0.99999
2,"dalle","CapRAD4_g073","SU-16-093-[Nepal]-(C._chinense)",1e-05,0.99999
2,"dalle","CapRAD4_g074","870733-1-[Nepal]-(C._chinense)",1e-05,0.99999
2,"frutescens","CapRAD4_g315","No.158-[Vietnam]-(C._frutescens)",0.99999,1e-05
2,"frutescens","CapRAD5_g230","TABASCO-[USA]-(C._frutescens)",0.99999,1e-05
2,"frutescens","CapRAD6_g253","SU-16-091-[Nepal]-(C._frutescens)",0.99999,1e-05
2,"frutescens","CapRAD6_g261","JP268534-[Cambodia]-(C._frutescens)",0.99999,1e-05
2,"frutescens","CapRAD6_g267","Willd_Lombok-[Guatemala]-(C._frutescens)",0.99999,1e-05
2,"annuum","CapRAD6_g330","SU-16-058-[Nepal]-(C._annuum)",1e-05,0.99999
2,"annuum","CapRAD6_g331","Shishito-[Japan]-(C._annuum)",1e-05,0.99999
2,"frutescens","CapRAD6_g358","Okinawa_shimatougarashi-[Japan]-(C._frutescens)",0.99999,1e-05
2,"annuum","CapRAD6_g359","Carifornia_wonder-[USA]-(C._annuum)",0.121243,0.878757
2,"annuum","CapRAD6_g366","GIM_JANG_GOCHU_(JP:_71128)-[Korea]-(C._annuum)",1e-05,0.99999
2,"annuum","CapRAD6_g369","ZHAO_TIAN_JIAO_(JP:_82499)-[China]-(C._annuum)",1e-05,0.99999
2,"annuum","CapRAD6_g371","SERRANO_TYPE_(JP:_32572)-[Mexico]-(C._annuum)",1e-05,0.99999
