"K","Group","RAD-seq sample ID","Tentative Accession name","K1","K2"
2,"chinense","CapRAD4_g009","Seven_Pod-[Trinidad_and_Tobago]-(C._chinense)-Rough",1e-05,0.99999
2,"dalle","CapRAD4_g068","SU-16-052-[Nepal]-(C._chinense)",0.57233,0.42767
2,"dalle","CapRAD4_g069","SU-16-055-[Nepal]-(C._chinense)",0.56223,0.43777
2,"dalle","CapRAD4_g070","SU-16-064-1-[Nepal]-(C._chinense)",0.498214,0.501786
2,"dalle","CapRAD4_g072","SU-16-079-[Nepal]-(C._chinense)",0.510809,0.489191
2,"dalle","CapRAD4_g073","SU-16-093-[Nepal]-(C._chinense)",0.509596,0.490404
2,"dalle","CapRAD4_g074","870733-1-[Nepal]-(C._chinense)",0.580978,0.419022
2,"chinense","CapRAD4_g078","Habanero_Caribbean_Red_Hot_-[Mexico]-(C._chinense)",1e-05,0.99999
2,"chinense","CapRAD4_g083","No.3338-[Bolivia]-(C._chinense)",1e-05,0.99999
2,"chinense","CapRAD4_g164","No.3686-[Colombia]-(C._chinense)",1e-05,0.99999
2,"chinense","CapRAD4_g288","Bhut_Jolokia_red-[Unknown]-(C._chinense)-Rough",1e-05,0.99999
2,"annuum","CapRAD6_g330","SU-16-058-[Nepal]-(C._annuum)",0.99999,1e-05
2,"annuum","CapRAD6_g331","Shishito-[Japan]-(C._annuum)",0.99999,1e-05
2,"chinense","CapRAD6_g346","Shwe_Lan_Bo_(JP:270754)-[Myanmar]-(C._chinense)",1e-05,0.99999
2,"annuum","CapRAD6_g359","Carifornia_wonder-[USA]-(C._annuum)",0.99999,1e-05
2,"annuum","CapRAD6_g366","GIM_JANG_GOCHU_(JP:_71128)-[Korea]-(C._annuum)",0.99999,1e-05
2,"annuum","CapRAD6_g369","ZHAO_TIAN_JIAO_(JP:_82499)-[China]-(C._annuum)",0.99999,1e-05
2,"annuum","CapRAD6_g371","SERRANO_TYPE_(JP:_32572)-[Mexico]-(C._annuum)",0.99999,1e-05
