"K","Group","RAD-seq sample ID","Tentative Accession name","K1","K2"
2,"chinense","CapRAD4_g009","Seven_Pod-[Trinidad_and_Tobago]-(C._chinense)-Rough",0.99999,1e-05
2,"dalle","CapRAD4_g068","SU-16-052-[Nepal]-(C._chinense)",0.99999,1e-05
2,"dalle","CapRAD4_g069","SU-16-055-[Nepal]-(C._chinense)",0.99999,1e-05
2,"dalle","CapRAD4_g070","SU-16-064-1-[Nepal]-(C._chinense)",0.99999,1e-05
2,"dalle","CapRAD4_g072","SU-16-079-[Nepal]-(C._chinense)",0.99999,1e-05
2,"dalle","CapRAD4_g073","SU-16-093-[Nepal]-(C._chinense)",0.99999,1e-05
2,"dalle","CapRAD4_g074","870733-1-[Nepal]-(C._chinense)",0.99999,1e-05
2,"chinense","CapRAD4_g078","Habanero_Caribbean_Red_Hot_-[Mexico]-(C._chinense)",0.99999,1e-05
2,"chinense","CapRAD4_g083","No.3338-[Bolivia]-(C._chinense)",0.99999,1e-05
2,"chinense","CapRAD4_g164","No.3686-[Colombia]-(C._chinense)",0.99999,1e-05
2,"chinense","CapRAD4_g288","Bhut_Jolokia_red-[Unknown]-(C._chinense)-Rough",0.99999,1e-05
2,"frutescens","CapRAD4_g315","No.158-[Vietnam]-(C._frutescens)",1e-05,0.99999
2,"frutescens","CapRAD5_g230","TABASCO-[USA]-(C._frutescens)",1e-05,0.99999
2,"frutescens","CapRAD6_g253","SU-16-091-[Nepal]-(C._frutescens)",1e-05,0.99999
2,"frutescens","CapRAD6_g261","JP268534-[Cambodia]-(C._frutescens)",1e-05,0.99999
2,"frutescens","CapRAD6_g267","Willd_Lombok-[Guatemala]-(C._frutescens)",1e-05,0.99999
2,"chinense","CapRAD6_g346","Shwe_Lan_Bo_(JP:270754)-[Myanmar]-(C._chinense)",0.99999,1e-05
2,"frutescens","CapRAD6_g358","Okinawa_shimatougarashi-[Japan]-(C._frutescens)",1e-05,0.99999
